{
  "hash": "da68f8e7",
  "browserHash": "e73f361d",
  "optimized": {
    "@angular/common": {
      "src": "../../../../../node_modules/@angular/common/fesm2022/common.mjs",
      "file": "@angular_common.js",
      "fileHash": "a19d8cd5",
      "needsInterop": false
    },
    "@angular/core": {
      "src": "../../../../../node_modules/@angular/core/fesm2022/core.mjs",
      "file": "@angular_core.js",
      "fileHash": "0d962965",
      "needsInterop": false
    },
    "@angular/forms": {
      "src": "../../../../../node_modules/@angular/forms/fesm2022/forms.mjs",
      "file": "@angular_forms.js",
      "fileHash": "15a9f144",
      "needsInterop": false
    },
    "@angular/platform-browser": {
      "src": "../../../../../node_modules/@angular/platform-browser/fesm2022/platform-browser.mjs",
      "file": "@angular_platform-browser.js",
      "fileHash": "7031fa97",
      "needsInterop": false
    },
    "@angular/router": {
      "src": "../../../../../node_modules/@angular/router/fesm2022/router.mjs",
      "file": "@angular_router.js",
      "fileHash": "b2cf283c",
      "needsInterop": false
    },
    "jalali-ts": {
      "src": "../../../../../node_modules/jalali-ts/dist/index.js",
      "file": "jalali-ts.js",
      "fileHash": "fb652e91",
      "needsInterop": true
    },
    "ng-persian-datepicker": {
      "src": "../../../../../node_modules/ng-persian-datepicker/fesm2022/ng-persian-datepicker.mjs",
      "file": "ng-persian-datepicker.js",
      "fileHash": "e3a19e75",
      "needsInterop": false
    }
  },
  "chunks": {
    "chunk-5LQQ2OLG": {
      "file": "chunk-5LQQ2OLG.js"
    },
    "chunk-IVRNWGZK": {
      "file": "chunk-IVRNWGZK.js"
    },
    "chunk-3DOQAK2E": {
      "file": "chunk-3DOQAK2E.js"
    },
    "chunk-SXRWQJ5U": {
      "file": "chunk-SXRWQJ5U.js"
    },
    "chunk-DDHDKRPV": {
      "file": "chunk-DDHDKRPV.js"
    },
    "chunk-STUZPFMT": {
      "file": "chunk-STUZPFMT.js"
    }
  }
}